id,title,description,genres,imdb_rating,views,ismovie,media_type_name,lang_id,language_name,enhanced_text
5285,Ennemie d'état,"La série retrace la cavale de Jay Burchell et Tyler Fog, deux étudiants de l'université Yale qui deviennent suspects dans l'explosion du Musée Drexler à New York. Leur ami et colocataire Will Traveler semble leur avoir tendu un piège afin de les faire passer pour les responsables de cet attentat terroriste",Drama,8.1,1385880,0,Series/TV Show,10,Français,"Ennemie d état Ennemie d état La série retrace la cavale de Jay Burchell et Tyler Fog, deux étudiants de l université Yale qui deviennent suspects dans l explosion du Musée Drexler à New York. Leur ami et colocataire Will Traveler semble leur avoir tendu un piège afin de les faire passer pour les responsables de cet attentat terroriste La série retrace la cavale de Jay Burchell et Tyler Fog, deux étudiants de l université Yale qui deviennent suspects dans l explosion du Musée Drexler à New York. Leur ami et colocataire Will Traveler semble leur avoir tendu un piège afin de les faire passer pour les responsables de cet attentat terroriste elements of action elements of horror elements of adventure Drama film with drama elements excellent highly rated content moderately popular content television series episodic show series entertainment content Français language content language 10 entertainment"
5286,Day Break,"Aujourd'hui, le détective Brett Hopper sera accusé d'avoir tiré sur le procureur Alberto Garza. Il offrira son alibi solide comme le roc. Il se rendra compte qu'il a été piégé. Et il courra. Ensuite, il se réveillera et recommencera la journée.","Action, Drama, Sci-fi",8.1,945557,0,Series/TV Show,10,Français,"Day Break Day Break Aujourd hui, le détective Brett Hopper sera accusé d avoir tiré sur le procureur Alberto Garza. Il offrira son alibi solide comme le roc. Il se rendra compte qu il a été piégé. Et il courra. Ensuite, il se réveillera et recommencera la journée. Aujourd hui, le détective Brett Hopper sera accusé d avoir tiré sur le procureur Alberto Garza. Il offrira son alibi solide comme le roc. Il se rendra compte qu il a été piégé. Et il courra. Ensuite, il se réveillera et recommencera la journée. elements of family Action Drama Sci-fi film with action, drama, sci-fi elements excellent highly rated content niche independent content television series episodic show series entertainment content Français language content language 10 entertainment"
5575,Cherif S1,"Episode - 1 Season 1 : Policier lyonnais atypique et passionné, Chérif utilise ses propres méthodes pour résoudre des crimes. Il est jumelé à une nouvelle partenaire, Adeline, qui adore respecter les règles.",Crime,7.2,72241,0,Series/TV Show,10,Français,"Cherif S1 Cherif S1 Episode - 1 Season 1 : Policier lyonnais atypique et passionné, Chérif utilise ses propres méthodes pour résoudre des crimes. Il est jumelé à une nouvelle partenaire, Adeline, qui adore respecter les règles. Episode - 1 Season 1 : Policier lyonnais atypique et passionné, Chérif utilise ses propres méthodes pour résoudre des crimes. Il est jumelé à une nouvelle partenaire, Adeline, qui adore respecter les règles. elements of romance elements of thriller elements of family Crime film with crime elements good quality rated content niche independent content television series episodic show series entertainment content Français language content language 10 entertainment"
5583,Siberia S1,"Episode - 1 Season 1 : Sur le lointain territoire de Toungouska, en Sibérie, 16 candidats de télé-réalité sont expédiés dans cette zone anéantie en 1908 par une énorme explosion, suite à l'impact d'une mystérieuse météorite avec la Terre",Drama,7.0,188141,0,Series/TV Show,10,Français,"Siberia S1 Siberia S1 Episode - 1 Season 1 : Sur le lointain territoire de Toungouska, en Sibérie, 16 candidats de télé-réalité sont expédiés dans cette zone anéantie en 1908 par une énorme explosion, suite à l impact d une mystérieuse météorite avec la Terre Episode - 1 Season 1 : Sur le lointain territoire de Toungouska, en Sibérie, 16 candidats de télé-réalité sont expédiés dans cette zone anéantie en 1908 par une énorme explosion, suite à l impact d une mystérieuse météorite avec la Terre elements of action elements of family Drama film with drama elements good quality rated content niche independent content television series episodic show series entertainment content Français language content language 10 entertainment"
5697,Cappuccino S1,Profitez des dix épisodes de la saison 1 de « Cappuccino » en intégralité dans cette version « film » sans interruption !,Comedy,6.0,814140,0,Series/TV Show,10,Français,Cappuccino S1 Cappuccino S1 Profitez des dix épisodes de la saison 1 de   Cappuccino   en intégralité dans cette version   film   sans interruption ! Profitez des dix épisodes de la saison 1 de   Cappuccino   en intégralité dans cette version   film   sans interruption ! elements of family Comedy film with comedy elements average rated content niche independent content television series episodic show series entertainment content Français language content language 10 entertainment
5698,Chouchou S1,"Episode - 1, Une enseignante de 37 ans tombe sous le charme d'une élève de 20 ans sa cadette, provoquant une crise familiale et sa chute brutale en prison.",Drama,8.0,68147,0,Series/TV Show,10,Français,"Chouchou S1 Chouchou S1 Episode - 1, Une enseignante de 37 ans tombe sous le charme d une élève de 20 ans sa cadette, provoquant une crise familiale et sa chute brutale en prison. Episode - 1, Une enseignante de 37 ans tombe sous le charme d une élève de 20 ans sa cadette, provoquant une crise familiale et sa chute brutale en prison. elements of family Drama film with drama elements excellent highly rated content niche independent content television series episodic show series entertainment content Français language content language 10 entertainment"
5706,La maison d'en face S1,"Episode - 1, Eve et Yanis, parents d'une petite fille d'un mois, emménagent dans leur nouvelle maison de banlieue, à la recherche d'un nouveau départ. Mais un soir, suite à un tragique accident, leur bébé meurt subitement. Brisés, Eve et Yanis tentent de se reconstruire.",Drama,6.6,239864,0,Series/TV Show,10,Français,"La maison d en face S1 La maison d en face S1 Episode - 1, Eve et Yanis, parents d une petite fille d un mois, emménagent dans leur nouvelle maison de banlieue, à la recherche d un nouveau départ. Mais un soir, suite à un tragique accident, leur bébé meurt subitement. Brisés, Eve et Yanis tentent de se reconstruire. Episode - 1, Eve et Yanis, parents d une petite fille d un mois, emménagent dans leur nouvelle maison de banlieue, à la recherche d un nouveau départ. Mais un soir, suite à un tragique accident, leur bébé meurt subitement. Brisés, Eve et Yanis tentent de se reconstruire. family friendly content Drama film with drama elements decent watchable content niche independent content television series episodic show series entertainment content Français language content language 10 entertainment"
6137,Cain,"Five years after a motorcycle accident that left him paraplegic, wheelchair-rolling, tough-guy Police Chief Fred Cain vigorously investigates various criminal cases that come by his precinct.",Drama,6.9,39459,0,Series/TV Show,10,Français,"Cain Cain Five years after a motorcycle accident that left him paraplegic, wheelchair-rolling, tough-guy Police Chief Fred Cain vigorously investigates various criminal cases that come by his precinct. Five years after a motorcycle accident that left him paraplegic, wheelchair-rolling, tough-guy Police Chief Fred Cain vigorously investigates various criminal cases that come by his precinct. Drama film with drama elements decent watchable content niche independent content television series episodic show series entertainment content Français language content language 10 entertainment"
6470,Storage Wars S1,Episode 1- Les acheteurs professionnels se rendent aux enchères et explorent les unités de stockage à la recherche d'objets lucratifs et intéressants qui pourraient leur rapporter gros profit.,Reality,6.3,58695,0,Series/TV Show,10,Français,Storage Wars S1 Storage Wars S1 Episode 1- Les acheteurs professionnels se rendent aux enchères et explorent les unités de stockage à la recherche d objets lucratifs et intéressants qui pourraient leur rapporter gros profit. Episode 1- Les acheteurs professionnels se rendent aux enchères et explorent les unités de stockage à la recherche d objets lucratifs et intéressants qui pourraient leur rapporter gros profit. elements of adventure Reality film with reality elements average rated content niche independent content television series episodic show series entertainment content Français language content language 10 entertainment intense action sequences
6472,Sur Le Fil S1,Episode 1- L'émission retrace le fonctionnement d'une police française dirigée par un commissaire qui n'a pas peur d'utiliser des méthodes contraires à la loi.,Drama,8.0,347551,0,Series/TV Show,10,Français,Sur Le Fil S1 Sur Le Fil S1 Episode 1- L émission retrace le fonctionnement d une police française dirigée par un commissaire qui n a pas peur d utiliser des méthodes contraires à la loi. Episode 1- L émission retrace le fonctionnement d une police française dirigée par un commissaire qui n a pas peur d utiliser des méthodes contraires à la loi. Drama film with drama elements excellent highly rated content niche independent content television series episodic show series entertainment content Français language content language 10 entertainment
6473,Miraculous: Tales Of Ladybug & Cat Noir S2,"Episode 1- L'adolescente Marinette se transforme en Ladybug, son personnage de super-héros clandestin, tandis que son camarade de classe et béguin Adrien se transforme en Chat Noir, son personnage secret de super-héros, pour protéger Paris du mal.","Adventure, Animation",91.0,30399,0,Series/TV Show,10,Français,"Miraculous: Tales Of Ladybug   Cat Noir S2 Miraculous: Tales Of Ladybug   Cat Noir S2 Episode 1- L adolescente Marinette se transforme en Ladybug, son personnage de super-héros clandestin, tandis que son camarade de classe et béguin Adrien se transforme en Chat Noir, son personnage secret de super-héros, pour protéger Paris du mal. Episode 1- L adolescente Marinette se transforme en Ladybug, son personnage de super-héros clandestin, tandis que son camarade de classe et béguin Adrien se transforme en Chat Noir, son personnage secret de super-héros, pour protéger Paris du mal. elements of family elements of coming_of_age Adventure Animation film with adventure, animation elements exceptional highly acclaimed masterpiece niche independent content television series episodic show series entertainment content Français language content language 10 entertainment"
6474,Les Bougon S1,"Episode 1- Les Bougon, c’est aussi ça la vie! ou Les Bougon est une série télévisée québécoise en 50 épisodes de 23 minutes, créée par François Avard et diffusée du 7 janvier 2004 au 1ᵉʳ mai 2006 à la Télévision de Radio-Canada.",Comedy,8.2,164057,0,Series/TV Show,10,Français,"Les Bougon S1 Les Bougon S1 Episode 1- Les Bougon, c est aussi ça la vie! ou Les Bougon est une série télévisée québécoise en 50 épisodes de 23 minutes, créée par François Avard et diffusée du 7 janvier 2004 au 1ᵉʳ mai 2006 à la Télévision de Radio-Canada. Episode 1- Les Bougon, c est aussi ça la vie! ou Les Bougon est une série télévisée québécoise en 50 épisodes de 23 minutes, créée par François Avard et diffusée du 7 janvier 2004 au 1ᵉʳ mai 2006 à la Télévision de Radio-Canada. Comedy film with comedy elements excellent highly rated content niche independent content television series episodic show series entertainment content Français language content language 10 entertainment"
6483,Cœur océan S1,"Episode 1- Trois amis, Alex, Matteo et Peter, se rendent chaque année sur l'île de Ré pour rencontrer des filles.","Comedy, Drama, Romance",6.9,124073,0,Series/TV Show,10,Français,"Cœur océan S1 Cœur océan S1 Episode 1- Trois amis, Alex, Matteo et Peter, se rendent chaque année sur l île de Ré pour rencontrer des filles. Episode 1- Trois amis, Alex, Matteo et Peter, se rendent chaque année sur l île de Ré pour rencontrer des filles. Comedy Drama Romance film with comedy, drama, romance elements decent watchable content niche independent content television series episodic show series entertainment content Français language content language 10 entertainment"
6485,Les Petits Meurtres d'Agatha Christie S3,"Episode 1- Larosière, commissaire de police, exerce sa passion pour résoudre des affaires difficiles. Il est assisté du jeune inspecteur Lampion, désireux d'apprendre les nuances du métier.",Drama,7.6,101412,0,Series/TV Show,10,Français,"Les Petits Meurtres d Agatha Christie S3 Les Petits Meurtres d Agatha Christie S3 Episode 1- Larosière, commissaire de police, exerce sa passion pour résoudre des affaires difficiles. Il est assisté du jeune inspecteur Lampion, désireux d apprendre les nuances du métier. Episode 1- Larosière, commissaire de police, exerce sa passion pour résoudre des affaires difficiles. Il est assisté du jeune inspecteur Lampion, désireux d apprendre les nuances du métier. elements of romance Drama film with drama elements very good well received content niche independent content television series episodic show series entertainment content Français language content language 10 entertainment"
6487,Cœur océan S5,"Episode 1- Trois amis, Alex, Matteo et Peter, se rendent chaque année sur l'île de Ré pour rencontrer des filles.","Comedy, Drama, Romance",6.9,3493,0,Series/TV Show,10,Français,"Cœur océan S5 Cœur océan S5 Episode 1- Trois amis, Alex, Matteo et Peter, se rendent chaque année sur l île de Ré pour rencontrer des filles. Episode 1- Trois amis, Alex, Matteo et Peter, se rendent chaque année sur l île de Ré pour rencontrer des filles. Comedy Drama Romance film with comedy, drama, romance elements decent watchable content niche independent content television series episodic show series entertainment content Français language content language 10 entertainment"
6488,Skam France S2,"Episode 1-  Suivre le quotidien d'une bande de lycéens avec leurs soucis et scandales, mais aussi la construction de leur identité, leurs choix et leur cheminement vers l'âge adulte.",Drama,8.2,2030278,0,Series/TV Show,10,Français,"Skam France S2 Skam France S2 Episode 1- Suivre le quotidien d une bande de lycéens avec leurs soucis et scandales, mais aussi la construction de leur identité, leurs choix et leur cheminement vers l âge adulte. Episode 1- Suivre le quotidien d une bande de lycéens avec leurs soucis et scandales, mais aussi la construction de leur identité, leurs choix et leur cheminement vers l âge adulte. Drama film with drama elements excellent highly rated content moderately popular content television series episodic show series entertainment content Français language content language 10 entertainment"
6490,Cœur océan S4,"Episode 1- Trois amis, Alex, Matteo et Peter, se rendent chaque année sur l'île de Ré pour rencontrer des filles.","Comedy, Drama, Romance",6.9,6569,0,Series/TV Show,10,Français,"Cœur océan S4 Cœur océan S4 Episode 1- Trois amis, Alex, Matteo et Peter, se rendent chaque année sur l île de Ré pour rencontrer des filles. Episode 1- Trois amis, Alex, Matteo et Peter, se rendent chaque année sur l île de Ré pour rencontrer des filles. Comedy Drama Romance film with comedy, drama, romance elements decent watchable content niche independent content television series episodic show series entertainment content Français language content language 10 entertainment"
6492,Parlement S2,"Episode 1- Samy, jeune assistant parlementaire européen, arrive à Bruxelles quelques semaines après le référendum sur le Brexit.",Comedy,7.7,16158,0,Series/TV Show,10,Français,"Parlement S2 Parlement S2 Episode 1- Samy, jeune assistant parlementaire européen, arrive à Bruxelles quelques semaines après le référendum sur le Brexit. Episode 1- Samy, jeune assistant parlementaire européen, arrive à Bruxelles quelques semaines après le référendum sur le Brexit. Comedy film with comedy elements very good well received content niche independent content television series episodic show series entertainment content Français language content language 10 entertainment"
7116,Clara Sheller S1,Episode 1- Une Parisienne croit pouvoir transformer sa vie moderne et trépidante en un conte de fées.,Drama,7.0,3168,0,Series/TV Show,10,Français,Clara Sheller S1 Clara Sheller S1 Episode 1- Une Parisienne croit pouvoir transformer sa vie moderne et trépidante en un conte de fées. Episode 1- Une Parisienne croit pouvoir transformer sa vie moderne et trépidante en un conte de fées. Drama film with drama elements good quality rated content niche independent content television series episodic show series entertainment content Français language content language 10 entertainment
7117,Kaboul Kitchen S2,Episode 1- Un expatrié français dirige un restaurant populaire en Afghanistan.,Comedy,7.5,6177,0,Series/TV Show,10,Français,Kaboul Kitchen S2 Kaboul Kitchen S2 Episode 1- Un expatrié français dirige un restaurant populaire en Afghanistan. Episode 1- Un expatrié français dirige un restaurant populaire en Afghanistan. Comedy film with comedy elements very good well received content niche independent content television series episodic show series entertainment content Français language content language 10 entertainment
7118,Baabel,"Episode 1: Quatre pethiorgos (belles-sœurs), mais une seule d'entre elles sera la reine incontestée, la prestigieuse « Borom Baabel » ! Pas de quartier ! C'est une guerre totale qui se livre entre eux. De véritables combats d'agneaux (lutte sénégalaise) où tous les coups sont permis, même ceux dans le dos",Drama,6.5,4032453,0,Series/TV Show,10,Français,"Baabel Baabel Episode 1: Quatre pethiorgos  belles-sœurs , mais une seule d entre elles sera la reine incontestée, la prestigieuse   Borom Baabel   ! Pas de quartier ! C est une guerre totale qui se livre entre eux. De véritables combats d agneaux  lutte sénégalaise  où tous les coups sont permis, même ceux dans le dos Episode 1: Quatre pethiorgos  belles-sœurs , mais une seule d entre elles sera la reine incontestée, la prestigieuse   Borom Baabel   ! Pas de quartier ! C est une guerre totale qui se livre entre eux. De véritables combats d agneaux  lutte sénégalaise  où tous les coups sont permis, même ceux dans le dos elements of action elements of family Drama film with drama elements decent watchable content moderately popular content television series episodic show series entertainment content Français language content language 10 entertainment"
9181,Empreintes Criminelles,Episode 1: Montage de la série Empreintes Criminelles avec une musique de Sherlock Holmes 2 : Jeu d'ombres.,"Mystery, Crime",7.3,84151,0,Series/TV Show,10,Français,"Empreintes Criminelles Empreintes Criminelles Episode 1: Montage de la série Empreintes Criminelles avec une musique de Sherlock Holmes 2 : Jeu d ombres. Episode 1: Montage de la série Empreintes Criminelles avec une musique de Sherlock Holmes 2 : Jeu d ombres. Mystery Crime film with mystery, crime elements good quality rated content niche independent content television series episodic show series entertainment content Français language content language 10 entertainment"
9204,Un cauchemar français,The Outreau Case: A French Nightmare... Un réexamen d'une affaire de maltraitance sur enfant qui conduit à un désastre judiciaire dans le nord de la France.,"Crime, Documentary",6.4,47310,0,Series/TV Show,10,Français,"Un cauchemar français Un cauchemar français The Outreau Case: A French Nightmare... Un réexamen d une affaire de maltraitance sur enfant qui conduit à un désastre judiciaire dans le nord de la France. The Outreau Case: A French Nightmare... Un réexamen d une affaire de maltraitance sur enfant qui conduit à un désastre judiciaire dans le nord de la France. elements of horror Crime Documentary film with crime, documentary elements average rated content niche independent content television series episodic show series entertainment content Français language content language 10 entertainment"
9787,Diana Boss,"Diana Boss est une websérie musicale/sociale française créée et co-écrite par Marion Séclin et diffusée sur la plateforme numérique française France TV Slash. Ses principaux sujets sont le rap game, le sexisme/racisme dans l'entrepreneuriat et la famille.",Drama,7.4,25726,0,Series/TV Show,10,Français,"Diana Boss Diana Boss Diana Boss est une websérie musicale sociale française créée et co-écrite par Marion Séclin et diffusée sur la plateforme numérique française France TV Slash. Ses principaux sujets sont le rap game, le sexisme racisme dans l entrepreneuriat et la famille. Diana Boss est une websérie musicale sociale française créée et co-écrite par Marion Séclin et diffusée sur la plateforme numérique française France TV Slash. Ses principaux sujets sont le rap game, le sexisme racisme dans l entrepreneuriat et la famille. elements of family Drama film with drama elements good quality rated content niche independent content television series episodic show series entertainment content Français language content language 10 entertainment"
9789,Skam France S1,"Suivre le quotidien d'une bande de lycéens avec leurs soucis et scandales, mais aussi la construction de leur identité, leurs choix et leur cheminement vers l'âge adulte.","Drama, Romance",8.2,362084,0,Series/TV Show,10,Français,"Skam France S1 Skam France S1 Suivre le quotidien d une bande de lycéens avec leurs soucis et scandales, mais aussi la construction de leur identité, leurs choix et leur cheminement vers l âge adulte. Suivre le quotidien d une bande de lycéens avec leurs soucis et scandales, mais aussi la construction de leur identité, leurs choix et leur cheminement vers l âge adulte. Drama Romance film with drama, romance elements excellent highly rated content niche independent content television series episodic show series entertainment content Français language content language 10 entertainment"
9790,Skam France S3,Skam France est une série télévisée dramatique pour adolescents franco-belge diffusée par France.tv Slash qui suit la vie d'adolescents à Paris.,"Drama, Romance",8.2,16010,0,Series/TV Show,10,Français,"Skam France S3 Skam France S3 Skam France est une série télévisée dramatique pour adolescents franco-belge diffusée par France.tv Slash qui suit la vie d adolescents à Paris. Skam France est une série télévisée dramatique pour adolescents franco-belge diffusée par France.tv Slash qui suit la vie d adolescents à Paris. elements of drama elements of coming_of_age Drama Romance film with drama, romance elements excellent highly rated content niche independent content television series episodic show series entertainment content Français language content language 10 entertainment"
9791,Skam France S4,"La saison 4 est ensuite revenue au groupe d'amis d'Emma et Manon, se concentrant sur leur amie, Imane Bakhellal, une adolescente noire musulmane en quête de sa propre autonomie et de son identité tout en étant à la hauteur des attentes de sa famille, de ses amis et de ce qu'elle croit être. un « bon musulman ».","Drama, Romance",8.2,1098390,0,Series/TV Show,10,Français,"Skam France S4 Skam France S4 La saison 4 est ensuite revenue au groupe d amis d Emma et Manon, se concentrant sur leur amie, Imane Bakhellal, une adolescente noire musulmane en quête de sa propre autonomie et de son identité tout en étant à la hauteur des attentes de sa famille, de ses amis et de ce qu elle croit être. un   bon musulman  . La saison 4 est ensuite revenue au groupe d amis d Emma et Manon, se concentrant sur leur amie, Imane Bakhellal, une adolescente noire musulmane en quête de sa propre autonomie et de son identité tout en étant à la hauteur des attentes de sa famille, de ses amis et de ce qu elle croit être. un   bon musulman  . elements of family elements of coming_of_age Drama Romance film with drama, romance elements excellent highly rated content moderately popular content television series episodic show series entertainment content Français language content language 10 entertainment"
9792,Skam France S5,"La saison 5 a été la première saison à dépasser les intrigues originales de Skam, se concentrant à nouveau sur le groupe d'amis de Yann et Lucas et sur le personnage d'Arthur Broussard, qui commence progressivement à perdre l'audition et doit commencer à comprendre comment naviguer dans les mondes des deux. personnes entendantes et non entendantes.","Drama, Romance",8.2,43047,0,Series/TV Show,10,Français,"Skam France S5 Skam France S5 La saison 5 a été la première saison à dépasser les intrigues originales de Skam, se concentrant à nouveau sur le groupe d amis de Yann et Lucas et sur le personnage d Arthur Broussard, qui commence progressivement à perdre l audition et doit commencer à comprendre comment naviguer dans les mondes des deux. personnes entendantes et non entendantes. La saison 5 a été la première saison à dépasser les intrigues originales de Skam, se concentrant à nouveau sur le groupe d amis de Yann et Lucas et sur le personnage d Arthur Broussard, qui commence progressivement à perdre l audition et doit commencer à comprendre comment naviguer dans les mondes des deux. personnes entendantes et non entendantes. elements of family Drama Romance film with drama, romance elements excellent highly rated content niche independent content television series episodic show series entertainment content Français language content language 10 entertainment"
9793,Skam France S6,"Lola est peut-être la sœur de Daphné, mais les deux filles ne pourraient pas être plus différentes. Si Daphné est d'un naturel optimiste, joyeuse et naïve, Lola traîne une noirceur et un malheur permanent.","Drama, Romance",8.2,599784,0,Series/TV Show,10,Français,"Skam France S6 Skam France S6 Lola est peut-être la sœur de Daphné, mais les deux filles ne pourraient pas être plus différentes. Si Daphné est d un naturel optimiste, joyeuse et naïve, Lola traîne une noirceur et un malheur permanent. Lola est peut-être la sœur de Daphné, mais les deux filles ne pourraient pas être plus différentes. Si Daphné est d un naturel optimiste, joyeuse et naïve, Lola traîne une noirceur et un malheur permanent. Drama Romance film with drama, romance elements excellent highly rated content niche independent content television series episodic show series entertainment content Français language content language 10 entertainment"
9794,Skam France S7,"Tiffany a passé sa première année à harceler Lola, et depuis que La Mif a rejoint leur école, les deux filles s'évitent. Lola se sent en sécurité, entourée de sa garde rapprochée.","Drama, Romance",8.2,590764,0,Series/TV Show,10,Français,"Skam France S7 Skam France S7 Tiffany a passé sa première année à harceler Lola, et depuis que La Mif a rejoint leur école, les deux filles s évitent. Lola se sent en sécurité, entourée de sa garde rapprochée. Tiffany a passé sa première année à harceler Lola, et depuis que La Mif a rejoint leur école, les deux filles s évitent. Lola se sent en sécurité, entourée de sa garde rapprochée. Drama Romance film with drama, romance elements excellent highly rated content niche independent content television series episodic show series entertainment content Français language content language 10 entertainment"
9795,Skam France S9,"Le couple mythique de Skam France, Maya et Lola se sépare. C'est surtout Lola, lassée de leurs disputes, qui quitte Maya, en lui reprochant de toujours s'enfuir. Il est vrai que Maya a créé une coquille pour se protéger du malheur.","Drama, Romance",8.2,397157,0,Series/TV Show,10,Français,"Skam France S9 Skam France S9 Le couple mythique de Skam France, Maya et Lola se sépare. C est surtout Lola, lassée de leurs disputes, qui quitte Maya, en lui reprochant de toujours s enfuir. Il est vrai que Maya a créé une coquille pour se protéger du malheur. Le couple mythique de Skam France, Maya et Lola se sépare. C est surtout Lola, lassée de leurs disputes, qui quitte Maya, en lui reprochant de toujours s enfuir. Il est vrai que Maya a créé une coquille pour se protéger du malheur. elements of romance Drama Romance film with drama, romance elements excellent highly rated content niche independent content television series episodic show series entertainment content Français language content language 10 entertainment"
9796,Skam France S10,"La dixième saison tourne autour d'Anaïs Rocha, l'ancienne meilleure amie de Tiffany.","Drama, Romance",8.2,727640,0,Series/TV Show,10,Français,"Skam France S10 Skam France S10 La dixième saison tourne autour d Anaïs Rocha, l ancienne meilleure amie de Tiffany. La dixième saison tourne autour d Anaïs Rocha, l ancienne meilleure amie de Tiffany. elements of family Drama Romance film with drama, romance elements excellent highly rated content niche independent content television series episodic show series entertainment content Français language content language 10 entertainment"
9797,Championnes a tout pri S3,"Un groupe d'adolescents gymnastes d'élite affronte parents, petits amis, entraîneurs, rivalités et trahisons tout en s'entraînant dans un établissement de premier ordre connu sous le nom de The Rock.","Drama, Sport",7.5,175061,0,Series/TV Show,10,Français,"Championnes a tout pri S3 Championnes a tout pri S3 Un groupe d adolescents gymnastes d élite affronte parents, petits amis, entraîneurs, rivalités et trahisons tout en s entraînant dans un établissement de premier ordre connu sous le nom de The Rock. Un groupe d adolescents gymnastes d élite affronte parents, petits amis, entraîneurs, rivalités et trahisons tout en s entraînant dans un établissement de premier ordre connu sous le nom de The Rock. family friendly content elements of coming_of_age Drama Sport film with drama, sport elements very good well received content niche independent content television series episodic show series entertainment content Français language content language 10 entertainment"
9798,Championnes a tout pri S2,Les filles ont battu l'équipe chinoise de gymnastique lors d'une rencontre de club après avoir défié le Comité national et sont étiquetées comme les Rock Rebels ; Payson essaie de se pousser pour un retour mais Sasha sent qu'elle n'est pas encore prête ; les filles posent pour une couverture de magazine.,"Drama, Sport",7.5,25983,0,Series/TV Show,10,Français,"Championnes a tout pri S2 Championnes a tout pri S2 Les filles ont battu l équipe chinoise de gymnastique lors d une rencontre de club après avoir défié le Comité national et sont étiquetées comme les Rock Rebels   Payson essaie de se pousser pour un retour mais Sasha sent qu elle n est pas encore prête   les filles posent pour une couverture de magazine. Les filles ont battu l équipe chinoise de gymnastique lors d une rencontre de club après avoir défié le Comité national et sont étiquetées comme les Rock Rebels   Payson essaie de se pousser pour un retour mais Sasha sent qu elle n est pas encore prête   les filles posent pour une couverture de magazine. elements of family Drama Sport film with drama, sport elements very good well received content niche independent content television series episodic show series entertainment content Français language content language 10 entertainment"
9800,Le Chalet,"Lorsqu'un groupe d'amis d'enfance se réunit dans un chalet isolé des Alpes françaises, ils se retrouvent à se battre pour leur vie et apprennent un sombre secret.","Drama, Mystery, Thriller",7.0,104827,0,Series/TV Show,10,Français,"Le Chalet Le Chalet Lorsqu un groupe d amis d enfance se réunit dans un chalet isolé des Alpes françaises, ils se retrouvent à se battre pour leur vie et apprennent un sombre secret. Lorsqu un groupe d amis d enfance se réunit dans un chalet isolé des Alpes françaises, ils se retrouvent à se battre pour leur vie et apprennent un sombre secret. Drama Mystery Thriller film with drama, mystery, thriller elements good quality rated content niche independent content television series episodic show series entertainment content Français language content language 10 entertainment"
9801,"Fais pas ci, fais pas ça S1","Deux familles voisines, les Lepic et Bouley, s'affrontent férocement dans un concours d'éco-gestes et pour inculquer de bonnes habitudes aux enfants.",Comedy,7.6,111439,0,Series/TV Show,10,Français,"Fais pas ci, fais pas ça S1 Fais pas ci, fais pas ça S1 Deux familles voisines, les Lepic et Bouley, s affrontent férocement dans un concours d éco-gestes et pour inculquer de bonnes habitudes aux enfants. Deux familles voisines, les Lepic et Bouley, s affrontent férocement dans un concours d éco-gestes et pour inculquer de bonnes habitudes aux enfants. Comedy film with comedy elements very good well received content niche independent content television series episodic show series entertainment content Français language content language 10 entertainment"
9805,MasterChef France,Episode 1: Des chefs amateurs s'affrontent dans diverses tâches culinaires pour impressionner les juges afin d'améliorer leurs compétences culinaires et de remporter le titre de meilleur chef.,Reality,7.0,68266,0,Series/TV Show,10,Français,MasterChef France MasterChef France Episode 1: Des chefs amateurs s affrontent dans diverses tâches culinaires pour impressionner les juges afin d améliorer leurs compétences culinaires et de remporter le titre de meilleur chef. Episode 1: Des chefs amateurs s affrontent dans diverses tâches culinaires pour impressionner les juges afin d améliorer leurs compétences culinaires et de remporter le titre de meilleur chef. Reality film with reality elements good quality rated content niche independent content television series episodic show series entertainment content Français language content language 10 entertainment
9808,Notre Belle Famille S1,"Frank et Carol, parents célibataires, se rencontrent pendant des vacances et se marient spontanément. En conséquence, leurs enfants qui se détestent sont obligés de vivre ensemble.","Comedy, Romance, Family",6.5,518700,0,Series/TV Show,10,Français,"Notre Belle Famille S1 Notre Belle Famille S1 Frank et Carol, parents célibataires, se rencontrent pendant des vacances et se marient spontanément. En conséquence, leurs enfants qui se détestent sont obligés de vivre ensemble. Frank et Carol, parents célibataires, se rencontrent pendant des vacances et se marient spontanément. En conséquence, leurs enfants qui se détestent sont obligés de vivre ensemble. family friendly content Comedy Romance Family film with comedy, romance, family elements decent watchable content niche independent content television series episodic show series entertainment content Français language content language 10 entertainment"
9810,Un si grand soleil S1,Claire est sous le choc lorsqu'elle est arrêtée pour le meurtre de son amie d'enfance après son retour à Montpellier. Sa seule option pour se défendre reste de révéler tous les secrets de son passé.,"Drama, Mystery, Crime",5.8,17993,0,Series/TV Show,10,Français,"Un si grand soleil S1 Un si grand soleil S1 Claire est sous le choc lorsqu elle est arrêtée pour le meurtre de son amie d enfance après son retour à Montpellier. Sa seule option pour se défendre reste de révéler tous les secrets de son passé. Claire est sous le choc lorsqu elle est arrêtée pour le meurtre de son amie d enfance après son retour à Montpellier. Sa seule option pour se défendre reste de révéler tous les secrets de son passé. elements of family Drama Mystery Crime film with drama, mystery, crime elements low rated content niche independent content television series episodic show series entertainment content Français language content language 10 entertainment"
9822,Legend of the Seeker,"Episode 1: Accompagné du sorcier Zedd et du mystérieux Kahlan, le bûcheron Richard Cypher utilise ses nouveaux pouvoirs magiques pour empêcher un tyran impitoyable et fou de pouvoir de déchaîner un mal ancien sur le monde, dans une adaptation d'une série de romans fantastiques à succès de Terry Goodkind.",Action,7.6,26049,0,Series/TV Show,10,Français,"Legend of the Seeker Legend of the Seeker Episode 1: Accompagné du sorcier Zedd et du mystérieux Kahlan, le bûcheron Richard Cypher utilise ses nouveaux pouvoirs magiques pour empêcher un tyran impitoyable et fou de pouvoir de déchaîner un mal ancien sur le monde, dans une adaptation d une série de romans fantastiques à succès de Terry Goodkind. Episode 1: Accompagné du sorcier Zedd et du mystérieux Kahlan, le bûcheron Richard Cypher utilise ses nouveaux pouvoirs magiques pour empêcher un tyran impitoyable et fou de pouvoir de déchaîner un mal ancien sur le monde, dans une adaptation d une série de romans fantastiques à succès de Terry Goodkind. Action film with action elements very good well received content niche independent content television series episodic show series entertainment content Français language content language 10 entertainment"
9823,Plus belle la vie,"Episode 1:  Les résidents riches et financièrement faibles du Mistral ont du mal à rester cordiaux avec leurs amis et partenaires. Cependant, des problèmes surviennent lorsque certains de ses habitants sont impliqués dans des actes criminels.",Drama,2.7,238592,0,Series/TV Show,10,Français,"Plus belle la vie Plus belle la vie Episode 1: Les résidents riches et financièrement faibles du Mistral ont du mal à rester cordiaux avec leurs amis et partenaires. Cependant, des problèmes surviennent lorsque certains de ses habitants sont impliqués dans des actes criminels. Episode 1: Les résidents riches et financièrement faibles du Mistral ont du mal à rester cordiaux avec leurs amis et partenaires. Cependant, des problèmes surviennent lorsque certains de ses habitants sont impliqués dans des actes criminels. elements of family Drama film with drama elements low rated content niche independent content television series episodic show series entertainment content Français language content language 10 entertainment"
9824,Samantha oups! S1,"Suivez la vie d'une jeune femme blonde, Samantha Lo, et de son amie brune Chantal Matieu.",Comedy,5.5,1255239,0,Series/TV Show,10,Français,"Samantha oups! S1 Samantha oups! S1 Suivez la vie d une jeune femme blonde, Samantha Lo, et de son amie brune Chantal Matieu. Suivez la vie d une jeune femme blonde, Samantha Lo, et de son amie brune Chantal Matieu. elements of family Comedy film with comedy elements low rated content moderately popular content television series episodic show series entertainment content Français language content language 10 entertainment"
9825,Parents mode d'emploi S1,Les parents Gaby et Isa font face à plusieurs hauts et bas dans leur vie quotidienne alors qu'ils s'occupent de leurs trois enfants espiègles.,"Comedy, Documentary",6.1,276168,0,Series/TV Show,10,Français,"Parents mode d emploi S1 Parents mode d emploi S1 Les parents Gaby et Isa font face à plusieurs hauts et bas dans leur vie quotidienne alors qu ils s occupent de leurs trois enfants espiègles. Les parents Gaby et Isa font face à plusieurs hauts et bas dans leur vie quotidienne alors qu ils s occupent de leurs trois enfants espiègles. elements of family Comedy Documentary film with comedy, documentary elements average rated content niche independent content television series episodic show series entertainment content Français language content language 10 entertainment"
9826,Soda S1,"Suivre Adam, 18 ans, aux prises avec des situations quotidiennes amusantes mais réalistes.",Comedy,4.8,150747,0,Series/TV Show,10,Français,"Soda S1 Soda S1 Suivre Adam, 18 ans, aux prises avec des situations quotidiennes amusantes mais réalistes. Suivre Adam, 18 ans, aux prises avec des situations quotidiennes amusantes mais réalistes. Comedy film with comedy elements low rated content niche independent content television series episodic show series entertainment content Français language content language 10 entertainment"
9827,Caméra Café S1,Le spectacle tourne autour des conversations qui se déroulent autour d'une machine à café dans un bureau.,Comedy,6.6,101601,0,Series/TV Show,10,Français,Caméra Café S1 Caméra Café S1 Le spectacle tourne autour des conversations qui se déroulent autour d une machine à café dans un bureau. Le spectacle tourne autour des conversations qui se déroulent autour d une machine à café dans un bureau. Comedy film with comedy elements decent watchable content niche independent content television series episodic show series entertainment content Français language content language 10 entertainment
9828,Section De Recherche S1,Episode 1: Une jeune femme prénommée Fabienne a été violemment percutée par une voiture sur l'autoroute. L'Unité de Recherche de Bordeaux a rapidement découvert qu'elle avait été mortellement poignardée au préalable sur une aire de repos. La famille élargie de l'autoroute est scrutée et Fabienne ne se révèle pas être l'employée et la mère modèle décrite par ses proches.,Crime,5.6,3486,0,Series/TV Show,10,Français,Section De Recherche S1 Section De Recherche S1 Episode 1: Une jeune femme prénommée Fabienne a été violemment percutée par une voiture sur l autoroute. L Unité de Recherche de Bordeaux a rapidement découvert qu elle avait été mortellement poignardée au préalable sur une aire de repos. La famille élargie de l autoroute est scrutée et Fabienne ne se révèle pas être l employée et la mère modèle décrite par ses proches. Episode 1: Une jeune femme prénommée Fabienne a été violemment percutée par une voiture sur l autoroute. L Unité de Recherche de Bordeaux a rapidement découvert qu elle avait été mortellement poignardée au préalable sur une aire de repos. La famille élargie de l autoroute est scrutée et Fabienne ne se révèle pas être l employée et la mère modèle décrite par ses proches. Crime film with crime elements low rated content niche independent content television series episodic show series entertainment content Français language content language 10 entertainment
9829,Section De Recherche S2,Episode 1: Les policiers d'une gendarmerie d'élite de Bordeaux utilisent toutes les ressources à leur disposition pour dénouer des affaires pénales complexes tout en traversant des hauts et des bas dans leurs relations interpersonnelles.,Crime,5.6,5206,0,Series/TV Show,10,Français,Section De Recherche S2 Section De Recherche S2 Episode 1: Les policiers d une gendarmerie d élite de Bordeaux utilisent toutes les ressources à leur disposition pour dénouer des affaires pénales complexes tout en traversant des hauts et des bas dans leurs relations interpersonnelles. Episode 1: Les policiers d une gendarmerie d élite de Bordeaux utilisent toutes les ressources à leur disposition pour dénouer des affaires pénales complexes tout en traversant des hauts et des bas dans leurs relations interpersonnelles. elements of family Crime film with crime elements low rated content niche independent content television series episodic show series entertainment content Français language content language 10 entertainment
9830,Section De Recherche S3,Episode 1: Les policiers d'une gendarmerie d'élite de Bordeaux utilisent toutes les ressources à leur disposition pour dénouer des affaires pénales complexes tout en traversant des hauts et des bas dans leurs relations interpersonnelles.,Crime,5.6,7165,0,Series/TV Show,10,Français,Section De Recherche S3 Section De Recherche S3 Episode 1: Les policiers d une gendarmerie d élite de Bordeaux utilisent toutes les ressources à leur disposition pour dénouer des affaires pénales complexes tout en traversant des hauts et des bas dans leurs relations interpersonnelles. Episode 1: Les policiers d une gendarmerie d élite de Bordeaux utilisent toutes les ressources à leur disposition pour dénouer des affaires pénales complexes tout en traversant des hauts et des bas dans leurs relations interpersonnelles. elements of family Crime film with crime elements low rated content niche independent content television series episodic show series entertainment content Français language content language 10 entertainment
9831,Parents mode d'emploi S2,"La deuxième saison est composée de 92 épisodes. Désormais, les épisodes ne durent plus 7 minutes mais 3 minutes. Ils sont diffusés à 20 h 40 juste après le journal de 20 h.","Comedy, Documentary",6.1,239665,0,Series/TV Show,10,Français,"Parents mode d emploi S2 Parents mode d emploi S2 La deuxième saison est composée de 92 épisodes. Désormais, les épisodes ne durent plus 7 minutes mais 3 minutes. Ils sont diffusés à 20 h 40 juste après le journal de 20 h. La deuxième saison est composée de 92 épisodes. Désormais, les épisodes ne durent plus 7 minutes mais 3 minutes. Ils sont diffusés à 20 h 40 juste après le journal de 20 h. elements of family Comedy Documentary film with comedy, documentary elements average rated content niche independent content television series episodic show series entertainment content Français language content language 10 entertainment"
9832,Samantha oups! S2,Tous les épisodes de la saison 2 pour 4h de visionnage !,Comedy,5.5,631202,0,Series/TV Show,10,Français,Samantha oups! S2 Samantha oups! S2 Tous les épisodes de la saison 2 pour 4h de visionnage ! Tous les épisodes de la saison 2 pour 4h de visionnage ! elements of family Comedy film with comedy elements low rated content niche independent content television series episodic show series entertainment content Français language content language 10 entertainment
9833,Soda S2,"Soda, c'est le quotidien d'Adam, 18 ans, avec ses parents, sa petite sœur diabolique, ses deux meilleurs potes, ses angoisses et ses rêves d'ado, face à son plus grand défi : Le monde des adultes. Et les meufs... Création : Frank Bellocq, David Soussan, Kev Adams et Cyril Cohen",Comedy,4.8,31547,0,Series/TV Show,10,Français,"Soda S2 Soda S2 Soda, c est le quotidien d Adam, 18 ans, avec ses parents, sa petite sœur diabolique, ses deux meilleurs potes, ses angoisses et ses rêves d ado, face à son plus grand défi : Le monde des adultes. Et les meufs... Création : Frank Bellocq, David Soussan, Kev Adams et Cyril Cohen Soda, c est le quotidien d Adam, 18 ans, avec ses parents, sa petite sœur diabolique, ses deux meilleurs potes, ses angoisses et ses rêves d ado, face à son plus grand défi : Le monde des adultes. Et les meufs... Création : Frank Bellocq, David Soussan, Kev Adams et Cyril Cohen family friendly content Comedy film with comedy elements low rated content niche independent content television series episodic show series entertainment content Français language content language 10 entertainment"
9834,Section De Recherche S4,"Episode 1: Massacre in a rural village café. Five dead... Who was the main target? Among the victims, a former policeman. He was accompanied by the only survivor, now in a coma. They were the first to be shot. Married separately, what were they doing together in the morning in this small village? Was it adultery, or was there another secret binding them together?",Crime,5.6,13831,0,Series/TV Show,10,Français,"Section De Recherche S4 Section De Recherche S4 Episode 1: Massacre in a rural village café. Five dead... Who was the main target? Among the victims, a former policeman. He was accompanied by the only survivor, now in a coma. They were the first to be shot. Married separately, what were they doing together in the morning in this small village? Was it adultery, or was there another secret binding them together? Episode 1: Massacre in a rural village café. Five dead... Who was the main target? Among the victims, a former policeman. He was accompanied by the only survivor, now in a coma. They were the first to be shot. Married separately, what were they doing together in the morning in this small village? Was it adultery, or was there another secret binding them together? Crime film with crime elements low rated content niche independent content television series episodic show series entertainment content Français language content language 10 entertainment"
9835,Section De Recherche S5,"Episode 1: Le corps de Zoé est retrouvé dans la forêt. L'enquête piétine jusqu'à l'arrivée de Fanny Caradec, une jeune enquêtrice de l'Unité de recherche de Grenoble et une vieille connaissance de Bernier. Pour elle, il n'y a aucun doute : l'assassin de Zoé est Veber, le célèbre écrivain qu'elle soupçonne d'un meurtre très similaire dans une autre affaire.",Crime,5.6,8625,0,Series/TV Show,10,Français,"Section De Recherche S5 Section De Recherche S5 Episode 1: Le corps de Zoé est retrouvé dans la forêt. L enquête piétine jusqu à l arrivée de Fanny Caradec, une jeune enquêtrice de l Unité de recherche de Grenoble et une vieille connaissance de Bernier. Pour elle, il n y a aucun doute : l assassin de Zoé est Veber, le célèbre écrivain qu elle soupçonne d un meurtre très similaire dans une autre affaire. Episode 1: Le corps de Zoé est retrouvé dans la forêt. L enquête piétine jusqu à l arrivée de Fanny Caradec, une jeune enquêtrice de l Unité de recherche de Grenoble et une vieille connaissance de Bernier. Pour elle, il n y a aucun doute : l assassin de Zoé est Veber, le célèbre écrivain qu elle soupçonne d un meurtre très similaire dans une autre affaire. Crime film with crime elements low rated content niche independent content television series episodic show series entertainment content Français language content language 10 entertainment"
9836,Paris Enquêtes Criminelles S3,Episode 1: Paris enquêtes criminelles est une série télévisée française diffusée depuis le 3 mai 2007.,Crime,6.4,161783,0,Series/TV Show,10,Français,Paris Enquêtes Criminelles S3 Paris Enquêtes Criminelles S3 Episode 1: Paris enquêtes criminelles est une série télévisée française diffusée depuis le 3 mai 2007. Episode 1: Paris enquêtes criminelles est une série télévisée française diffusée depuis le 3 mai 2007. Crime film with crime elements average rated content niche independent content television series episodic show series entertainment content Français language content language 10 entertainment
9837,Skam France S8,"Episode 1: La saison 8 est centrée sur Bilal Cherif, un nouveau membre de La Mif après le départ de Sekou entre les saisons 6 et 7. Il lutte contre l'itinérance et l'insécurité alimentaire après que sa mère a perdu son emploi à cause de la pandémie de COVID-19.",Drama,8.2,262261,0,Series/TV Show,10,Français,"Skam France S8 Skam France S8 Episode 1: La saison 8 est centrée sur Bilal Cherif, un nouveau membre de La Mif après le départ de Sekou entre les saisons 6 et 7. Il lutte contre l itinérance et l insécurité alimentaire après que sa mère a perdu son emploi à cause de la pandémie de COVID-19. Episode 1: La saison 8 est centrée sur Bilal Cherif, un nouveau membre de La Mif après le départ de Sekou entre les saisons 6 et 7. Il lutte contre l itinérance et l insécurité alimentaire après que sa mère a perdu son emploi à cause de la pandémie de COVID-19. elements of family Drama film with drama elements excellent highly rated content niche independent content television series episodic show series entertainment content Français language content language 10 entertainment"
9838,Samantha oups! S3,"Retrouvez Samantha et Chantal au coin du feu pour jouer avec elles au Trivial Pursuit, au Loto, ou encore au Strip Poker",Comedy,5.5,607927,0,Series/TV Show,10,Français,"Samantha oups! S3 Samantha oups! S3 Retrouvez Samantha et Chantal au coin du feu pour jouer avec elles au Trivial Pursuit, au Loto, ou encore au Strip Poker Retrouvez Samantha et Chantal au coin du feu pour jouer avec elles au Trivial Pursuit, au Loto, ou encore au Strip Poker Comedy film with comedy elements low rated content niche independent content television series episodic show series entertainment content Français language content language 10 entertainment"
9839,Les Enquêtes de Vera,"Episode 1: L'inspecteur-détective en chef Vera Stanhope, aidée par deux sergents-détectives, Joe Ashworth et Aiden Healy, enquête avec détermination sur des crimes complexes commis dans le Northumberland pour rendre justice aux victimes.","Drama, Mystery, Crime",8.2,163187,0,Series/TV Show,10,Français,"Les Enquêtes de Vera Les Enquêtes de Vera Episode 1: L inspecteur-détective en chef Vera Stanhope, aidée par deux sergents-détectives, Joe Ashworth et Aiden Healy, enquête avec détermination sur des crimes complexes commis dans le Northumberland pour rendre justice aux victimes. Episode 1: L inspecteur-détective en chef Vera Stanhope, aidée par deux sergents-détectives, Joe Ashworth et Aiden Healy, enquête avec détermination sur des crimes complexes commis dans le Northumberland pour rendre justice aux victimes. elements of thriller Drama Mystery Crime film with drama, mystery, crime elements excellent highly rated content niche independent content television series episodic show series entertainment content Français language content language 10 entertainment"
9840,Soda S3,"Soda, c'est le quotidien d'Adam, 18 ans, avec ses parents, sa petite sœur diabolique, ses deux meilleurs potes, ses angoisses et ses rêves d'ado, face à son plus grand défi : Le monde des adultes. Et les meufs...",Comedy,4.8,833017,0,Series/TV Show,10,Français,"Soda S3 Soda S3 Soda, c est le quotidien d Adam, 18 ans, avec ses parents, sa petite sœur diabolique, ses deux meilleurs potes, ses angoisses et ses rêves d ado, face à son plus grand défi : Le monde des adultes. Et les meufs... Soda, c est le quotidien d Adam, 18 ans, avec ses parents, sa petite sœur diabolique, ses deux meilleurs potes, ses angoisses et ses rêves d ado, face à son plus grand défi : Le monde des adultes. Et les meufs... family friendly content Comedy film with comedy elements low rated content niche independent content television series episodic show series entertainment content Français language content language 10 entertainment"
9841,Section De Recherche S6,"Episode 1: Un architecte de renom est retrouvé mort au bord d'une route. Il avait été abattu avec son revolver. Était-ce un détournement de voiture qui a mal tourné ? Pourquoi ce père de famille calme et divorcé était-il armé ? Et surtout, qu'est-il arrivé à sa fille ?",Crime,5.6,8936,0,Series/TV Show,10,Français,"Section De Recherche S6 Section De Recherche S6 Episode 1: Un architecte de renom est retrouvé mort au bord d une route. Il avait été abattu avec son revolver. Était-ce un détournement de voiture qui a mal tourné ? Pourquoi ce père de famille calme et divorcé était-il armé ? Et surtout, qu est-il arrivé à sa fille ? Episode 1: Un architecte de renom est retrouvé mort au bord d une route. Il avait été abattu avec son revolver. Était-ce un détournement de voiture qui a mal tourné ? Pourquoi ce père de famille calme et divorcé était-il armé ? Et surtout, qu est-il arrivé à sa fille ? elements of family Crime film with crime elements low rated content niche independent content television series episodic show series entertainment content Français language content language 10 entertainment"
9842,Le Bloc,Episode 1: Les couples s'affrontent pour rénover une maison et la vendent aux enchères au prix le plus élevé pour recevoir une récompense monétaire et vivre diverses expériences ce faisant.,Reality,6.3,4474783,0,Series/TV Show,10,Français,Le Bloc Le Bloc Episode 1: Les couples s affrontent pour rénover une maison et la vendent aux enchères au prix le plus élevé pour recevoir une récompense monétaire et vivre diverses expériences ce faisant. Episode 1: Les couples s affrontent pour rénover une maison et la vendent aux enchères au prix le plus élevé pour recevoir une récompense monétaire et vivre diverses expériences ce faisant. elements of romance elements of family Reality film with reality elements average rated content moderately popular content television series episodic show series entertainment content Français language content language 10 entertainment
9843,Des soucis et des hommes,"La série raconte l'histoire de quatre amis, une quarantaine d'années ou récemment décédés. Chacun a une femme (ou plusieurs), un ou plusieurs enfants, plus ou moins de travail, d'argent, d'histoires.",Comedy,6.8,2421,0,Series/TV Show,10,Français,"Des soucis et des hommes Des soucis et des hommes La série raconte l histoire de quatre amis, une quarantaine d années ou récemment décédés. Chacun a une femme  ou plusieurs , un ou plusieurs enfants, plus ou moins de travail, d argent, d histoires. La série raconte l histoire de quatre amis, une quarantaine d années ou récemment décédés. Chacun a une femme  ou plusieurs , un ou plusieurs enfants, plus ou moins de travail, d argent, d histoires. Comedy film with comedy elements decent watchable content niche independent content television series episodic show series entertainment content Français language content language 10 entertainment"
9844,Hard S1,"Hard » raconte l'histoire des changements de vie que Sophie, femme au foyer catholique de la classe moyenne, subit à contrecœur après le décès soudain de son mari. Sophie se rend compte que son mari ne travaillait pas dans le domaine informatique ; en fait, il avait réhypothéqué leur maison auprès de sa propre société de films X et finançait leur style de vie aisé avec les bénéfices de ses films porno.","Comedy, Drama",6.9,219944,0,Series/TV Show,10,Français,"Hard S1 Hard S1 Hard   raconte l histoire des changements de vie que Sophie, femme au foyer catholique de la classe moyenne, subit à contrecœur après le décès soudain de son mari. Sophie se rend compte que son mari ne travaillait pas dans le domaine informatique   en fait, il avait réhypothéqué leur maison auprès de sa propre société de films X et finançait leur style de vie aisé avec les bénéfices de ses films porno. Hard   raconte l histoire des changements de vie que Sophie, femme au foyer catholique de la classe moyenne, subit à contrecœur après le décès soudain de son mari. Sophie se rend compte que son mari ne travaillait pas dans le domaine informatique   en fait, il avait réhypothéqué leur maison auprès de sa propre société de films X et finançait leur style de vie aisé avec les bénéfices de ses films porno. elements of family Comedy Drama film with comedy, drama elements decent watchable content niche independent content television series episodic show series entertainment content Français language content language 10 entertainment"
9845,Pep's,"Epiosde 1: Se concentre sur la vie de plusieurs personnages dans une école, composée d'enseignants déprimés, d'élèves bizarres et de parents trop stressés, affectés par plusieurs problèmes.",Comedy,4.4,572997,0,Series/TV Show,10,Français,"Pep s Pep s Epiosde 1: Se concentre sur la vie de plusieurs personnages dans une école, composée d enseignants déprimés, d élèves bizarres et de parents trop stressés, affectés par plusieurs problèmes. Epiosde 1: Se concentre sur la vie de plusieurs personnages dans une école, composée d enseignants déprimés, d élèves bizarres et de parents trop stressés, affectés par plusieurs problèmes. family friendly content Comedy film with comedy elements low rated content niche independent content television series episodic show series entertainment content Français language content language 10 entertainment"
9846,Hard S2,"La protagoniste, Sophie, est une avocate à la retraite. Elle se croyait mariée au propriétaire d’une entreprise de logiciels relativement prospère. Peu après sa mort, elle découvre que son mari a menti sur son métier.","Comedy, Drama",6.9,57659,0,Series/TV Show,10,Français,"Hard S2 Hard S2 La protagoniste, Sophie, est une avocate à la retraite. Elle se croyait mariée au propriétaire d une entreprise de logiciels relativement prospère. Peu après sa mort, elle découvre que son mari a menti sur son métier. La protagoniste, Sophie, est une avocate à la retraite. Elle se croyait mariée au propriétaire d une entreprise de logiciels relativement prospère. Peu après sa mort, elle découvre que son mari a menti sur son métier. elements of family Comedy Drama film with comedy, drama elements decent watchable content niche independent content television series episodic show series entertainment content Français language content language 10 entertainment"
9847,Blague à part,"Episode 1: Cette sitcom met en scène les tracasseries ordinaires, quoique souvent surréalistes, d'un couple de trentenaires parisiens et de son entourage. Nicolas est comique de profession et cynique notoire, il vient d'emménager avec Isabelle, psychiatre qui passe son temps à analyser les faits et gestes de son mari.",Comedy,6.7,130951,0,Series/TV Show,10,Français,"Blague à part Blague à part Episode 1: Cette sitcom met en scène les tracasseries ordinaires, quoique souvent surréalistes, d un couple de trentenaires parisiens et de son entourage. Nicolas est comique de profession et cynique notoire, il vient d emménager avec Isabelle, psychiatre qui passe son temps à analyser les faits et gestes de son mari. Episode 1: Cette sitcom met en scène les tracasseries ordinaires, quoique souvent surréalistes, d un couple de trentenaires parisiens et de son entourage. Nicolas est comique de profession et cynique notoire, il vient d emménager avec Isabelle, psychiatre qui passe son temps à analyser les faits et gestes de son mari. elements of romance elements of family Comedy film with comedy elements decent watchable content niche independent content television series episodic show series entertainment content Français language content language 10 entertainment"
9848,Les Annees Bleues,"Episode 1: Virginie, Luc et Anthony, trois amis, font leur entrée dans le monde réel après l'université. Ils rencontrent Juliette, Sarah et Rodrigue, et deviennent amis. Bientôt, des malentendus s’ensuivent et compliquent leur vie.",Comedy,4.2,598369,0,Series/TV Show,10,Français,"Les Annees Bleues Les Annees Bleues Episode 1: Virginie, Luc et Anthony, trois amis, font leur entrée dans le monde réel après l université. Ils rencontrent Juliette, Sarah et Rodrigue, et deviennent amis. Bientôt, des malentendus s ensuivent et compliquent leur vie. Episode 1: Virginie, Luc et Anthony, trois amis, font leur entrée dans le monde réel après l université. Ils rencontrent Juliette, Sarah et Rodrigue, et deviennent amis. Bientôt, des malentendus s ensuivent et compliquent leur vie. Comedy film with comedy elements low rated content niche independent content television series episodic show series entertainment content Français language content language 10 entertainment"
9849,Les vacances de l'amour,"Un groupe d'amis part en vacances sur une île isolée. Cependant, ils trouvent bientôt des raisons de s'installer définitivement sur l'île.","Comedy, Drama, Adventure",3.8,61940,0,Series/TV Show,10,Français,"Les vacances de l amour Les vacances de l amour Un groupe d amis part en vacances sur une île isolée. Cependant, ils trouvent bientôt des raisons de s installer définitivement sur l île. Un groupe d amis part en vacances sur une île isolée. Cependant, ils trouvent bientôt des raisons de s installer définitivement sur l île. elements of family Comedy Drama Adventure film with comedy, drama, adventure elements low rated content niche independent content television series episodic show series entertainment content Français language content language 10 entertainment"
9850,Mes pires potes,"Cette sitcom met en scène les mésaventures de quatre célibataires qui cohabitent en banlieue parisienne. Simon, héritier de la maison, héberge Bounti, l'amateur de cannabis, Miloud, le parasite obsédé sexuel, et Valérie, l'esthéticienne un peu naïve.",Comedy,7.0,1047,0,Series/TV Show,10,Français,"Mes pires potes Mes pires potes Cette sitcom met en scène les mésaventures de quatre célibataires qui cohabitent en banlieue parisienne. Simon, héritier de la maison, héberge Bounti, l amateur de cannabis, Miloud, le parasite obsédé sexuel, et Valérie, l esthéticienne un peu naïve. Cette sitcom met en scène les mésaventures de quatre célibataires qui cohabitent en banlieue parisienne. Simon, héritier de la maison, héberge Bounti, l amateur de cannabis, Miloud, le parasite obsédé sexuel, et Valérie, l esthéticienne un peu naïve. elements of family Comedy film with comedy elements good quality rated content niche independent content television series episodic show series entertainment content Français language content language 10 entertainment"
9851,SAV des émissions S4,"Service après-vente des émissions, également connu sous le nom de SAV des émissions, est une courte série télévisée comique française animée par le duo comique Omar et Fred (Omar Sy et Fred Testot)",Comedy,7.1,77238,0,Series/TV Show,10,Français,"SAV des émissions S4 SAV des émissions S4 Service après-vente des émissions, également connu sous le nom de SAV des émissions, est une courte série télévisée comique française animée par le duo comique Omar et Fred  Omar Sy et Fred Testot  Service après-vente des émissions, également connu sous le nom de SAV des émissions, est une courte série télévisée comique française animée par le duo comique Omar et Fred  Omar Sy et Fred Testot  Comedy film with comedy elements good quality rated content niche independent content television series episodic show series entertainment content Français language content language 10 entertainment"
9852,SAV des émissions S5,"Le SAV des émissions est un centre d'appel récepteur. Le concept de base est de commenter l'actualité dans une succession de courtes scènes. Au fil des années, la série a également gagné un certain nombre de personnages récurrents, interprétés soit par Omar, soit par Fred.",Comedy,7.1,5627,0,Series/TV Show,10,Français,"SAV des émissions S5 SAV des émissions S5 Le SAV des émissions est un centre d appel récepteur. Le concept de base est de commenter l actualité dans une succession de courtes scènes. Au fil des années, la série a également gagné un certain nombre de personnages récurrents, interprétés soit par Omar, soit par Fred. Le SAV des émissions est un centre d appel récepteur. Le concept de base est de commenter l actualité dans une succession de courtes scènes. Au fil des années, la série a également gagné un certain nombre de personnages récurrents, interprétés soit par Omar, soit par Fred. elements of family Comedy film with comedy elements good quality rated content niche independent content television series episodic show series entertainment content Français language content language 10 entertainment"
9853,Mafiosa,"Episode 1: Après le meurtre de son oncle criminel, Sandra Paoli, une jeune femme, venge sa mort. Les événements s'ensuivent lorsqu'elle marche sur ses traces et crée un monde plein de crimes.","Drama, Crime",7.2,172657,0,Series/TV Show,10,Français,"Mafiosa Mafiosa Episode 1: Après le meurtre de son oncle criminel, Sandra Paoli, une jeune femme, venge sa mort. Les événements s ensuivent lorsqu elle marche sur ses traces et crée un monde plein de crimes. Episode 1: Après le meurtre de son oncle criminel, Sandra Paoli, une jeune femme, venge sa mort. Les événements s ensuivent lorsqu elle marche sur ses traces et crée un monde plein de crimes. elements of thriller elements of family Drama Crime film with drama, crime elements good quality rated content niche independent content television series episodic show series entertainment content Français language content language 10 entertainment"
9854,Antigone 34,"Episode 1: Un capitaine de police, un ancien médecin et un psychocriminologue enquêtent sur des affaires criminelles.","Drama, Crime",7.1,173927,0,Series/TV Show,10,Français,"Antigone 34 Antigone 34 Episode 1: Un capitaine de police, un ancien médecin et un psychocriminologue enquêtent sur des affaires criminelles. Episode 1: Un capitaine de police, un ancien médecin et un psychocriminologue enquêtent sur des affaires criminelles. Drama Crime film with drama, crime elements good quality rated content niche independent content television series episodic show series entertainment content Français language content language 10 entertainment"
9855,Engrenages S1,Suivez les aventures d'une équipe de justice française composée de policiers et de procureurs alors qu'ils tentent de résoudre certaines des affaires pénales les plus difficiles de la ville.,"Drama, Mystery, Crime",8.5,22977,0,Series/TV Show,10,Français,"Engrenages S1 Engrenages S1 Suivez les aventures d une équipe de justice française composée de policiers et de procureurs alors qu ils tentent de résoudre certaines des affaires pénales les plus difficiles de la ville. Suivez les aventures d une équipe de justice française composée de policiers et de procureurs alors qu ils tentent de résoudre certaines des affaires pénales les plus difficiles de la ville. Drama Mystery Crime film with drama, mystery, crime elements exceptional highly acclaimed masterpiece niche independent content television series episodic show series entertainment content Français language content language 10 entertainment"
9856,Engrenages S2,L'histoire commence avec un homme brûlé vif dans le coffre d'une voiture dans un lotissement.,"Drama, Mystery, Crime",8.5,7777,0,Series/TV Show,10,Français,"Engrenages S2 Engrenages S2 L histoire commence avec un homme brûlé vif dans le coffre d une voiture dans un lotissement. L histoire commence avec un homme brûlé vif dans le coffre d une voiture dans un lotissement. Drama Mystery Crime film with drama, mystery, crime elements exceptional highly acclaimed masterpiece niche independent content television series episodic show series entertainment content Français language content language 10 entertainment"
9857,Deu flics sur les docks S1,"Le capitaine Richard Faraday et son coéquipier Richard Winkler, qui ont des approches différentes pour résoudre les affaires pénales, utilisent toutes les ressources à leur disposition pour aller au fond des affaires.",Crime,7.0,3429,0,Series/TV Show,10,Français,"Deu flics sur les docks S1 Deu flics sur les docks S1 Le capitaine Richard Faraday et son coéquipier Richard Winkler, qui ont des approches différentes pour résoudre les affaires pénales, utilisent toutes les ressources à leur disposition pour aller au fond des affaires. Le capitaine Richard Faraday et son coéquipier Richard Winkler, qui ont des approches différentes pour résoudre les affaires pénales, utilisent toutes les ressources à leur disposition pour aller au fond des affaires. elements of family Crime film with crime elements good quality rated content niche independent content television series episodic show series entertainment content Français language content language 10 entertainment"
9858,Engrenages S3,"Lorsque le corps mutilé d'une jeune femme est retrouvé sur une voie ferrée désaffectée au nord de Paris, près de La Villette, le capitaine Laure Berthaud en profite pour redorer son image après son implication dans la mort de Mustapha Larbi.","Drama, Mystery, Crime",8.5,19326,0,Series/TV Show,10,Français,"Engrenages S3 Engrenages S3 Lorsque le corps mutilé d une jeune femme est retrouvé sur une voie ferrée désaffectée au nord de Paris, près de La Villette, le capitaine Laure Berthaud en profite pour redorer son image après son implication dans la mort de Mustapha Larbi. Lorsque le corps mutilé d une jeune femme est retrouvé sur une voie ferrée désaffectée au nord de Paris, près de La Villette, le capitaine Laure Berthaud en profite pour redorer son image après son implication dans la mort de Mustapha Larbi. elements of family Drama Mystery Crime film with drama, mystery, crime elements exceptional highly acclaimed masterpiece niche independent content television series episodic show series entertainment content Français language content language 10 entertainment"
9859,Léa parker S1,Episode 1: Lea Parker est agent secret dans une division des opérations spéciales. Elle fait face à divers défis et tente de les surmonter avec l'aide de ses collègues.,"Action, Crime",3.9,15610,0,Series/TV Show,10,Français,"Léa parker S1 Léa parker S1 Episode 1: Lea Parker est agent secret dans une division des opérations spéciales. Elle fait face à divers défis et tente de les surmonter avec l aide de ses collègues. Episode 1: Lea Parker est agent secret dans une division des opérations spéciales. Elle fait face à divers défis et tente de les surmonter avec l aide de ses collègues. Action Crime film with action, crime elements low rated content niche independent content television series episodic show series entertainment content Français language content language 10 entertainment"
9860,3 x Manon,Manon est une adolescente de quinze ans en rébellion contre tout. Elle est envoyée dans un centre éducatif fermé après avoir poignardé sa mère avec un couteau. Elle a six mois pour retrouver des repères et envisager son avenir.,Drama,7.9,13399,0,Series/TV Show,10,Français,3 x Manon 3 x Manon Manon est une adolescente de quinze ans en rébellion contre tout. Elle est envoyée dans un centre éducatif fermé après avoir poignardé sa mère avec un couteau. Elle a six mois pour retrouver des repères et envisager son avenir. Manon est une adolescente de quinze ans en rébellion contre tout. Elle est envoyée dans un centre éducatif fermé après avoir poignardé sa mère avec un couteau. Elle a six mois pour retrouver des repères et envisager son avenir. elements of family elements of coming_of_age Drama film with drama elements very good well received content niche independent content television series episodic show series entertainment content Français language content language 10 entertainment
9861,Léa parker S2,"Episode 1: Léa Parker est agent d'élite au sein de la DOS (Division des opérations spéciales), une cellule secrète de la police nationale. Elle ne peut donc révéler sa véritable profession à personne de son entourage et utilise les archives comme couverture. Seul son père est au courant, puisqu'il est aussi son patron","Action, Crime",3.9,23259,0,Series/TV Show,10,Français,"Léa parker S2 Léa parker S2 Episode 1: Léa Parker est agent d élite au sein de la DOS  Division des opérations spéciales , une cellule secrète de la police nationale. Elle ne peut donc révéler sa véritable profession à personne de son entourage et utilise les archives comme couverture. Seul son père est au courant, puisqu il est aussi son patron Episode 1: Léa Parker est agent d élite au sein de la DOS  Division des opérations spéciales , une cellule secrète de la police nationale. Elle ne peut donc révéler sa véritable profession à personne de son entourage et utilise les archives comme couverture. Seul son père est au courant, puisqu il est aussi son patron elements of family Action Crime film with action, crime elements low rated content niche independent content television series episodic show series entertainment content Français language content language 10 entertainment"
9862,Clem,"Clem, 16 ans, tombe enceinte et est obligée de garder le bébé en raison d'une détection tardive. Elle lutte pour maintenir un équilibre dans sa vie tout en faisant face aux conséquences de cette situation délicate.",Drama,5.9,50325,0,Series/TV Show,10,Français,"Clem Clem Clem, 16 ans, tombe enceinte et est obligée de garder le bébé en raison d une détection tardive. Elle lutte pour maintenir un équilibre dans sa vie tout en faisant face aux conséquences de cette situation délicate. Clem, 16 ans, tombe enceinte et est obligée de garder le bébé en raison d une détection tardive. Elle lutte pour maintenir un équilibre dans sa vie tout en faisant face aux conséquences de cette situation délicate. elements of family Drama film with drama elements low rated content niche independent content television series episodic show series entertainment content Français language content language 10 entertainment"
9867,Fabien Cosma,Episode 1: Fabien Cosma est un médecin passionné par son métier. Il parcourt la France pour accomplir ses missions.,Drama,5.4,166353,0,Series/TV Show,10,Français,Fabien Cosma Fabien Cosma Episode 1: Fabien Cosma est un médecin passionné par son métier. Il parcourt la France pour accomplir ses missions. Episode 1: Fabien Cosma est un médecin passionné par son métier. Il parcourt la France pour accomplir ses missions. elements of romance elements of family Drama film with drama elements low rated content niche independent content television series episodic show series entertainment content Français language content language 10 entertainment
9868,"Sydney Fox, l'aventurière","Le professeur d'histoire Sydney Fox se révèle être un explorateur intrépide. Connue pour son expertise sur les civilisations anciennes, le Dr Fox se retrouve impliquée dans de nombreuses aventures à travers le monde alors qu'elle tente de localiser des artefacts anciens et de les restituer aux musées ou aux descendants de leurs propriétaires légitimes.","Action, Adventure, Fantasy",6.5,20892,0,Series/TV Show,10,Français,"Sydney Fox, l aventurière Sydney Fox, l aventurière Le professeur d histoire Sydney Fox se révèle être un explorateur intrépide. Connue pour son expertise sur les civilisations anciennes, le Dr Fox se retrouve impliquée dans de nombreuses aventures à travers le monde alors qu elle tente de localiser des artefacts anciens et de les restituer aux musées ou aux descendants de leurs propriétaires légitimes. Le professeur d histoire Sydney Fox se révèle être un explorateur intrépide. Connue pour son expertise sur les civilisations anciennes, le Dr Fox se retrouve impliquée dans de nombreuses aventures à travers le monde alors qu elle tente de localiser des artefacts anciens et de les restituer aux musées ou aux descendants de leurs propriétaires légitimes. elements of family Action Adventure Fantasy film with action, adventure, fantasy elements decent watchable content niche independent content television series episodic show series entertainment content Français language content language 10 entertainment"
9870,La Maison du bluff S6,"Episode 1: Pour la première fois, la nouvelle saison est précédée d'une nouvelle émission Objectif 100 000 € qui a pour but de qualifier trois joueurs pour La Maison du Bluff. D'ailleurs la nouvelle saison ne s'intitule pas La Maison du Bluff 6 mais La Maison du Bluff - Objectif 100 000 €.",Reality,7.0,3596,0,Series/TV Show,10,Français,"La Maison du bluff S6 La Maison du bluff S6 Episode 1: Pour la première fois, la nouvelle saison est précédée d une nouvelle émission Objectif 100 000   qui a pour but de qualifier trois joueurs pour La Maison du Bluff. D ailleurs la nouvelle saison ne s intitule pas La Maison du Bluff 6 mais La Maison du Bluff - Objectif 100 000  . Episode 1: Pour la première fois, la nouvelle saison est précédée d une nouvelle émission Objectif 100 000   qui a pour but de qualifier trois joueurs pour La Maison du Bluff. D ailleurs la nouvelle saison ne s intitule pas La Maison du Bluff 6 mais La Maison du Bluff - Objectif 100 000  . elements of family Reality film with reality elements good quality rated content niche independent content television series episodic show series entertainment content Français language content language 10 entertainment"
9871,Les Ch’tis,Epiosde 1: Les Ch'tis sont une émission de télé-réalité française produite par Alexia Laroche-Joubert et la société Banijay Productions France et diffusée sur W9 du 5 septembre 2011 au 7 novembre 2014 en avant-soirée.,Reality,6.0,275390,0,Series/TV Show,10,Français,Les Ch tis Les Ch tis Epiosde 1: Les Ch tis sont une émission de télé-réalité française produite par Alexia Laroche-Joubert et la société Banijay Productions France et diffusée sur W9 du 5 septembre 2011 au 7 novembre 2014 en avant-soirée. Epiosde 1: Les Ch tis sont une émission de télé-réalité française produite par Alexia Laroche-Joubert et la société Banijay Productions France et diffusée sur W9 du 5 septembre 2011 au 7 novembre 2014 en avant-soirée. elements of family Reality film with reality elements average rated content niche independent content television series episodic show series entertainment content Français language content language 10 entertainment
9872,Code Lyoko: Evolution,"Episode 1: L'histoire tourne autour de quatre adolescents qui ne connaissent que l'existence d'un monde parallèle, un monde virtuel appelé LYOKO.","Action, Drama, Animation",5.7,365000,0,Series/TV Show,10,Français,"Code Lyoko: Evolution Code Lyoko: Evolution Episode 1: L histoire tourne autour de quatre adolescents qui ne connaissent que l existence d un monde parallèle, un monde virtuel appelé LYOKO. Episode 1: L histoire tourne autour de quatre adolescents qui ne connaissent que l existence d un monde parallèle, un monde virtuel appelé LYOKO. elements of coming_of_age Action Drama Animation film with action, drama, animation elements low rated content niche independent content television series episodic show series entertainment content Français language content language 10 entertainment"
